Workbook

Sheet Dashboard
B2: KALSHI MLB PAPER-TRADING RESULTS
B3: Simulated (no real money) live trading of MLB moneyline markets on Kalshi. The bot buys a team the moment it gets a hit, walk, or home run — betting the market is slow to react — holds 5 minutes, then sells. See "How It Works" tab.
B5: Total P&L | C5: Trades | D5: Win Rate | E5: Avg Win | F5: Avg Loss | G5: Profit Factor | H5: Total Fees | I5: Best Trade | J5: Worst Trade | O5: Wins | P5: =COUNTIF('Trade Log'!M2:M61,"WIN") -> 14
B6: =SUM('Trade Log'!L2:L61) -> -40.42 | C6: =COUNT('Trade Log'!A2:A61) -> 60 | D6: =COUNTIF('Trade Log'!M2:M61,"WIN")/COUNT('Trade Log'!A2:A61) -> 0.23333333 | E6: =IFERROR(AVERAGEIF('Trade Log'!L2:L61,">0"),0) -> 0.77 | F6: =IFERROR(AVERAGEIF('Trade Log'!L2:L61,"<0"),0) -> -1.1130435 | G6: =IFERROR(SUMIF('Trade Log'!L2:L61,">0")/ABS(SUMIF('Trade Log'!L2:L61,"<0")),0) -> 0.21054687 | H6: =SUM('Trade Log'!J2:J61) -> 3.72 | I6: =MAX('Trade Log'!L2:L61) -> 2.4 | J6: =MIN('Trade Log'!L2:L61) -> -3.59 | O6: Losses | P6: =COUNTIF('Trade Log'!M2:M61,"LOSS") -> 46
B8: Quick read: | C8: =IF(SUM('Trade Log'!L2:L61)>=0,"The run is PROFITABLE so far — but the sample is still small; judge after 100+ trades.","The run is DOWN so far — small samples swing hard; the backtest edge (~+1 to +3¢/trade) needs 100+ trades to show through noise.") -> The run is DOWN so far — small samples swing hard; the backtest edge (~+1 to +3¢/trade) needs 100+ trades to show through noise.

Sheet Trade Log
A1: # | B1: Date | C1: Time (ET) | D1: Game | E1: Team Bought | F1: Trigger Play | G1: Entry (¢) | H1: Exit (¢) | I1: Exit Type | J1: Fees ($) | K1: P&L (¢) | L1: P&L ($) | M1: Result | N1: Cumulative P&L ($) | P1: Win ¢ | Q1: Loss ¢
A2: 1 | B2: Jul 10 | C2: 08:54 PM | D2: Cubs @ Reds | E2: Reds | F2: Batting event | G2: 74 | H2: 64 | I2: taker | J2: 0.17 | K2: -117 | L2: =K2/100 -> -1.17 | M2: =IF(K2>0,"WIN",IF(K2<0,"LOSS","FLAT")) -> LOSS | N2: =SUM($L$2:L2) -> -1.17 | P2: =IF(K2>0,K2,"") | Q2: =IF(K2<0,K2,"") -> -117
A3: 2 | B3: Jul 10 | C3: 09:03 PM | D3: Mariners @ Rays | E3: Rays | F3: Batting event | G3: 93 | H3: 98 | I3: taker | J3: 0.02 | K3: 48 | L3: =K3/100 -> 0.48 | M3: =IF(K3>0,"WIN",IF(K3<0,"LOSS","FLAT")) -> WIN | N3: =SUM($L$2:L3) -> -0.69 | P3: =IF(K3>0,K3,"") -> 48 | Q3: =IF(K3<0,K3,"")
A4: 3 | B4: Jul 10 | C4: 09:04 PM | D4: Cubs @ Reds | E4: Cubs | F4: Batting event | G4: 40 | H4: 22 | I4: maker | J4: 0 | K4: -180 | L4: =K4/100 -> -1.8 | M4: =IF(K4>0,"WIN",IF(K4<0,"LOSS","FLAT")) -> LOSS | N4: =SUM($L$2:L4) -> -2.49 | P4: =IF(K4>0,K4,"") | Q4: =IF(K4<0,K4,"") -> -180
A5: 4 | B5: Jul 10 | C5: 09:06 PM | D5: Red Sox @ Mets | E5: Mets | F5: Batting event | G5: 49 | H5: 35 | I5: taker | J5: 0.16 | K5: -156 | L5: =K5/100 -> -1.56 | M5: =IF(K5>0,"WIN",IF(K5<0,"LOSS","FLAT")) -> LOSS | N5: =SUM($L$2:L5) -> -4.05 | P5: =IF(K5>0,K5,"") | Q5: =IF(K5<0,K5,"") -> -156
A6: 5 | B6: Jul 10 | C6: 09:06 PM | D6: Angels @ Twins | E6: Angels | F6: Batting event | G6: 48 | H6: 50 | I6: maker | J6: 0 | K6: 20 | L6: =K6/100 -> 0.2 | M6: =IF(K6>0,"WIN",IF(K6<0,"LOSS","FLAT")) -> WIN | N6: =SUM($L$2:L6) -> -3.85 | P6: =IF(K6>0,K6,"") -> 20 | Q6: =IF(K6<0,K6,"")
A7: 6 | B7: Jul 10 | C7: 09:10 PM | D7: Royals @ Orioles | E7: Orioles | F7: Batting event | G7: 71 | H7: 95 | I7: maker | J7: 0 | K7: 240 | L7: =K7/100 -> 2.4 | M7: =IF(K7>0,"WIN",IF(K7<0,"LOSS","FLAT")) -> WIN | N7: =SUM($L$2:L7) -> -1.45 | P7: =IF(K7>0,K7,"") -> 240 | Q7: =IF(K7<0,K7,"")
A8: 7 | B8: Jul 10 | C8: 09:15 PM | D8: Red Sox @ Mets | E8: Red Sox | F8: Batting event | G8: 68 | H8: 65 | I8: maker | J8: 0 | K8: -30 | L8: =K8/100 -> -0.3 | M8: =IF(K8>0,"WIN",IF(K8<0,"LOSS","FLAT")) -> LOSS | N8: =SUM($L$2:L8) -> -1.75 | P8: =IF(K8>0,K8,"") | Q8: =IF(K8<0,K8,"") -> -30
A9: 8 | B9: Jul 10 | C9: 09:16 PM | D9: Angels @ Twins | E9: Twins | F9: Batting event | G9: 47 | H9: 33 | I9: maker | J9: 0 | K9: -140 | L9: =K9/100 -> -1.4 | M9: =IF(K9>0,"WIN",IF(K9<0,"LOSS","FLAT")) -> LOSS | N9: =SUM($L$2:L9) -> -3.15 | P9: =IF(K9>0,K9,"") | Q9: =IF(K9<0,K9,"") -> -140
A10: 9 | B10: Jul 10 | C10: 09:17 PM | D10: Astros @ Rangers | E10: Rangers | F10: Batting event | G10: 81 | H10: 75 | I10: taker | J10: 0.14 | K10: -74 | L10: =K10/100 -> -0.74 | M10: =IF(K10>0,"WIN",IF(K10<0,"LOSS","FLAT")) -> LOSS | N10: =SUM($L$2:L10) -> -3.89 | P10: =IF(K10>0,K10,"") | Q10: =IF(K10<0,K10,"") -> -74
A11: 10 | B11: Jul 10 | C11: 09:18 PM | D11: Cubs @ Reds | E11: Reds | F11: Batting event | G11: 95 | H11: 96 | I11: maker | J11: 0 | K11: 10 | L11: =K11/100 -> 0.1 | M11: =IF(K11>0,"WIN",IF(K11<0,"LOSS","FLAT")) -> WIN | N11: =SUM($L$2:L11) -> -3.79 | P11: =IF(K11>0,K11,"") -> 10 | Q11: =IF(K11<0,K11,"")
A12: 11 | B12: Jul 10 | C12: 09:19 PM | D12: Guardians @ Marlins | E12: Marlins | F12: Batting event | G12: 29 | H12: 15 | I12: maker | J12: 0 | K12: -140 | L12: =K12/100 -> -1.4 | M12: =IF(K12>0,"WIN",IF(K12<0,"LOSS","FLAT")) -> LOSS | N12: =SUM($L$2:L12) -> -5.19 | P12: =IF(K12>0,K12,"") | Q12: =IF(K12<0,K12,"") -> -140
A13: 12 | B13: Jul 10 | C13: 09:21 PM | D13: Royals @ Orioles | E13: Royals | F13: Batting event | G13: 7 | H13: 1 | I13: taker | J13: 0.01 | K13: -61 | L13: =K13/100 -> -0.61 | M13: =IF(K13>0,"WIN",IF(K13<0,"LOSS","FLAT")) -> LOSS | N13: =SUM($L$2:L13) -> -5.8 | P13: =IF(K13>0,K13,"") | Q13: =IF(K13<0,K13,"") -> -61
... A61: 60 | B61: Jul 11 | C61: 01:50 AM | D61: Rockies @ Giants | E61: Giants | F61: Batting event | G61: 31 | H61: 1 | I61: taker | J61: 0.01 | K61: -301 | L61: =K61/100 -> -3.01 | M61: =IF(K61>0,"WIN",IF(K61<0,"LOSS","FLAT")) -> LOSS | N61: =SUM($L$2:L61) -> -40.42 | P61: =IF(K61>0,K61,"") | Q61: =IF(K61<0,K61,"") -> -301

Sheet How It Works
B2: HOW THIS PAPER-TRADING RUN WORKS
B4: The strategy in one sentence
B5: When a batter gets a hit, walk, or home run, his team's chance of winning goes up — but Kalshi's prediction-market prices take a few minutes to fully adjust. The bot buys the batting team's "will they win?" contract seconds after the play, waits 5 minutes for the market to catch up, then sells. The hoped-for profit is that few-cent catch-up move.
B7: Why "paper" trading?
B8: No real money is used. The bot watches real live market data and simulates what would have happened to real orders — including realistic queue waiting, fees, and having to accept a worse price when an order doesn't fill in time. It's a dress rehearsal to measure whether the strategy actually earns money before risking anything.
B10: Where the numbers come from
B11: A research backtest over the full 2026 season (882 games, ~66,000 market reactions) suggested an edge of roughly +1 to +3 cents per trade after spread costs, strongest when holding 5-10 minutes. Each live trade here risks 10 contracts (~$5-9 at stake per trade).
B13: Column definitions (Trade Log)
B14: Trigger Play | C14: The batting event (single, walk, home run...) that fired the buy signal.
B15: Entry / Exit (¢) | C15: Contract prices in cents. A contract pays 100¢ if the team wins, 0¢ if not. Buying at 47¢ means the market thought the team had ~47% chance to win.
B16: Exit Type | C16: "maker" = sold patiently at our asking price (no fee). "taker" = order timed out after 2 min, so the bot crossed the spread and paid a small fee to get out.
B17: P&L | C17: (Exit − Entry) × 10 contracts − fees. 1¢ of price move = 10¢ of P&L.
B18: Result | C18: WIN if the trade made money, LOSS if it lost.
B19: Cumulative P&L | C19: Running total of all trades so far — the line chart on the Dashboard.
B20: What to look for
B21: 1) Win rate near or above 50%. 2) Average win at least as big as average loss (Profit Factor above 1.00x means gross wins exceed gross losses). 3) A cumulative P&L line that trends up over MANY trades. A handful of trades means nothing either way — variance dominates until roughly 100+ trades.
B23: Honest caveats
B24: The simulated fills are estimates (real orders might fill less often or at worse prices). Buying only after good offensive events also means buying into momentum — several early losses came from the other team immediately answering back. The whole point of this run is to find out, cheaply, whether the backtest edge survives contact with live markets.
